scenario,input,target,model,lookback_h,horizon_h,val_RMSE,val_MAE,val_R2,test_RMSE,test_MAE,test_R2
SC2,BenLuc+CauNoi+TanAn,BenLuc,RNN,6,12,0.3352,0.2206,0.5378,0.2646,0.2028,0.8725
SC2,BenLuc+CauNoi+TanAn,BenLuc,RNN,6,24,0.2963,0.1953,0.6376,0.2737,0.2099,0.8633
SC2,BenLuc+CauNoi+TanAn,BenLuc,RNN,6,48,0.3284,0.2205,0.5518,0.3195,0.2458,0.8126
SC2,BenLuc+CauNoi+TanAn,BenLuc,RNN,12,12,0.2785,0.1888,0.6801,0.2823,0.2218,0.8547
SC2,BenLuc+CauNoi+TanAn,BenLuc,RNN,12,24,0.2613,0.1697,0.7174,0.2705,0.209,0.8663
SC2,BenLuc+CauNoi+TanAn,BenLuc,RNN,12,48,0.3111,0.2006,0.5966,0.3561,0.2645,0.7669
SC2,BenLuc+CauNoi+TanAn,BenLuc,RNN,24,12,0.2195,0.1462,0.8003,0.2414,0.1843,0.8935
SC2,BenLuc+CauNoi+TanAn,BenLuc,RNN,24,24,0.2359,0.1629,0.7684,0.252,0.1975,0.8836
SC2,BenLuc+CauNoi+TanAn,BenLuc,RNN,24,48,0.3138,0.2172,0.5875,0.3693,0.2881,0.7486
SC2,BenLuc+CauNoi+TanAn,BenLuc,RNN,48,12,0.2237,0.1492,0.7904,0.2507,0.1919,0.8845
SC2,BenLuc+CauNoi+TanAn,BenLuc,RNN,48,24,0.2381,0.1643,0.7616,0.2484,0.1937,0.8863
SC2,BenLuc+CauNoi+TanAn,BenLuc,RNN,48,48,0.3082,0.2188,0.5978,0.3377,0.2707,0.7887
SC2,BenLuc+CauNoi+TanAn,BenLuc,LSTM,6,12,0.3101,0.2085,0.6044,0.313,0.2406,0.8216
SC2,BenLuc+CauNoi+TanAn,BenLuc,LSTM,6,24,0.285,0.1866,0.6647,0.2974,0.2237,0.8385
SC2,BenLuc+CauNoi+TanAn,BenLuc,LSTM,6,48,0.319,0.2137,0.5771,0.3782,0.2836,0.7375
SC2,BenLuc+CauNoi+TanAn,BenLuc,LSTM,12,12,0.2985,0.2042,0.6324,0.3012,0.2342,0.8346
SC2,BenLuc+CauNoi+TanAn,BenLuc,LSTM,12,24,0.2625,0.1703,0.7149,0.3069,0.2297,0.8278
SC2,BenLuc+CauNoi+TanAn,BenLuc,LSTM,12,48,0.3104,0.216,0.5985,0.3752,0.2884,0.7413
SC2,BenLuc+CauNoi+TanAn,BenLuc,LSTM,24,12,0.245,0.1723,0.7512,0.2949,0.2262,0.8411
SC2,BenLuc+CauNoi+TanAn,BenLuc,LSTM,24,24,0.2367,0.1657,0.767,0.2894,0.2225,0.8465
SC2,BenLuc+CauNoi+TanAn,BenLuc,LSTM,24,48,0.2867,0.1921,0.6556,0.3745,0.2768,0.7416
SC2,BenLuc+CauNoi+TanAn,BenLuc,LSTM,48,12,0.2529,0.1773,0.7321,0.3002,0.2299,0.8344
SC2,BenLuc+CauNoi+TanAn,BenLuc,LSTM,48,24,0.2389,0.1643,0.76,0.2965,0.2324,0.838
SC2,BenLuc+CauNoi+TanAn,BenLuc,LSTM,48,48,0.2969,0.1975,0.627,0.3886,0.2935,0.7201
SC2,BenLuc+CauNoi+TanAn,BenLuc,GRU,6,12,0.3092,0.2067,0.6066,0.3037,0.232,0.832
SC2,BenLuc+CauNoi+TanAn,BenLuc,GRU,6,24,0.2867,0.19,0.6606,0.3093,0.2366,0.8254
SC2,BenLuc+CauNoi+TanAn,BenLuc,GRU,6,48,0.3331,0.2219,0.5388,0.3826,0.2848,0.7314
SC2,BenLuc+CauNoi+TanAn,BenLuc,GRU,12,12,0.2988,0.2034,0.6318,0.304,0.2325,0.8315
SC2,BenLuc+CauNoi+TanAn,BenLuc,GRU,12,24,0.2699,0.1789,0.6984,0.2967,0.2241,0.839
SC2,BenLuc+CauNoi+TanAn,BenLuc,GRU,12,48,0.3103,0.2077,0.5987,0.3627,0.2716,0.7582
SC2,BenLuc+CauNoi+TanAn,BenLuc,GRU,24,12,0.238,0.1648,0.7653,0.2839,0.2201,0.8527
SC2,BenLuc+CauNoi+TanAn,BenLuc,GRU,24,24,0.2443,0.1674,0.7517,0.2668,0.1999,0.8695
SC2,BenLuc+CauNoi+TanAn,BenLuc,GRU,24,48,0.3133,0.2177,0.5887,0.3547,0.2652,0.7681
SC2,BenLuc+CauNoi+TanAn,BenLuc,GRU,48,12,0.2486,0.1684,0.7412,0.2642,0.1995,0.8718
SC2,BenLuc+CauNoi+TanAn,BenLuc,GRU,48,24,0.2451,0.1645,0.7474,0.2866,0.2127,0.8486
SC2,BenLuc+CauNoi+TanAn,BenLuc,GRU,48,48,0.3214,0.2228,0.5627,0.3639,0.2684,0.7546
SC2,BenLuc+CauNoi+TanAn,BenLuc,CNN_LSTM,6,12,0.3162,0.2161,0.5887,0.3114,0.2384,0.8234
SC2,BenLuc+CauNoi+TanAn,BenLuc,CNN_LSTM,6,24,0.2939,0.1974,0.6433,0.3175,0.244,0.8159
SC2,BenLuc+CauNoi+TanAn,BenLuc,CNN_LSTM,6,48,0.3239,0.2172,0.5641,0.3665,0.2748,0.7535
SC2,BenLuc+CauNoi+TanAn,BenLuc,CNN_LSTM,12,12,0.3098,0.2117,0.6041,0.3136,0.239,0.8207
SC2,BenLuc+CauNoi+TanAn,BenLuc,CNN_LSTM,12,24,0.2777,0.189,0.6809,0.2895,0.2223,0.8468
SC2,BenLuc+CauNoi+TanAn,BenLuc,CNN_LSTM,12,48,0.322,0.2178,0.5679,0.3893,0.2914,0.7215
SC2,BenLuc+CauNoi+TanAn,BenLuc,CNN_LSTM,24,12,0.2922,0.199,0.6461,0.3165,0.2356,0.8168
SC2,BenLuc+CauNoi+TanAn,BenLuc,CNN_LSTM,24,24,0.2737,0.1863,0.6883,0.3062,0.2283,0.8282
SC2,BenLuc+CauNoi+TanAn,BenLuc,CNN_LSTM,24,48,0.3295,0.227,0.5453,0.3873,0.2869,0.7235
SC2,BenLuc+CauNoi+TanAn,BenLuc,CNN_LSTM,48,12,0.3187,0.2215,0.5746,0.3409,0.2637,0.7864
SC2,BenLuc+CauNoi+TanAn,BenLuc,CNN_LSTM,48,24,0.2724,0.185,0.6881,0.3031,0.2266,0.8307
SC2,BenLuc+CauNoi+TanAn,BenLuc,CNN_LSTM,48,48,0.3295,0.2255,0.5403,0.3999,0.2962,0.7037
